﻿<?xml version="1.0" encoding="utf-8"?>
<HelpKI>
  <HelpKINode Title="Area property" Url="html/cd815158-7052-d34f-824f-dccb910282a1.htm" />
  <HelpKINode Title="CalculateArea method" Url="html/6c11cccf-4ded-64a2-b0d2-c7765e392068.htm" />
  <HelpKINode Title="CanFormTriangle method" Url="html/e3b8e036-e6e5-c4c0-8724-cd0d6347eb14.htm" />
  <HelpKINode Title="Equals method" Url="html/ef001420-eb4e-4569-fe55-2ccfe93b46bd.htm" />
  <HelpKINode Title="FirstPoint property" Url="html/e2203dda-9f64-630a-f193-d2dd73d01550.htm" />
  <HelpKINode Title="FirstSide property" Url="html/bf1b5eca-6e61-3a6f-86c6-640a4be1c064.htm" />
  <HelpKINode Title="GetSurface method" Url="html/96663413-3d82-7751-89d8-baa8712aba4d.htm" />
  <HelpKINode Title="IsHorizontal property" Url="html/74c35dd3-505f-7dc1-f117-65a0a4164315.htm" />
  <HelpKINode Title="IsVertical property" Url="html/cb3a1506-adce-f8f9-12ae-c7e3c82076da.htm" />
  <HelpKINode Title="Length property" Url="html/7f97c054-7016-85ec-89a9-f797dce80014.htm" />
  <HelpKINode Title="Line class">
    <HelpKINode Title="Line Class" Url="html/80f7390e-f2e1-1d5f-24a2-52e7b195911d.htm" />
    <HelpKINode Title="about Line class" Url="html/80f7390e-f2e1-1d5f-24a2-52e7b195911d.htm" />
    <HelpKINode Title="constructor" Url="html/43625349-cc9e-dea2-bb00-eb689d4f018d.htm" />
    <HelpKINode Title="properties" Url="html/82d726a4-31e7-dffe-e4db-78f382d843c9.htm" />
  </HelpKINode>
  <HelpKINode Title="Line.FirstPoint property" Url="html/e2203dda-9f64-630a-f193-d2dd73d01550.htm" />
  <HelpKINode Title="Line.IsHorizontal property" Url="html/74c35dd3-505f-7dc1-f117-65a0a4164315.htm" />
  <HelpKINode Title="Line.IsVertical property" Url="html/cb3a1506-adce-f8f9-12ae-c7e3c82076da.htm" />
  <HelpKINode Title="Line.Length property" Url="html/7f97c054-7016-85ec-89a9-f797dce80014.htm" />
  <HelpKINode Title="Line.Line constructor" Url="html/43625349-cc9e-dea2-bb00-eb689d4f018d.htm" />
  <HelpKINode Title="Line.SecondPoint property" Url="html/3b020486-c8f7-df4d-dadd-2daac5d1b3f9.htm" />
  <HelpKINode Title="Main method" Url="html/30b5db53-a17f-ce25-4f64-e7c2c28117d0.htm" />
  <HelpKINode Title="Point class">
    <HelpKINode Title="Point Class" Url="html/0a1a4db5-9db7-ab5a-a514-573c6d9e105c.htm" />
    <HelpKINode Title="about Point class" Url="html/0a1a4db5-9db7-ab5a-a514-573c6d9e105c.htm" />
    <HelpKINode Title="constructor" Url="html/66afeb3f-6b69-faff-b1df-00fc1512a359.htm" />
    <HelpKINode Title="methods" Url="html/6e2319e4-08fd-9d72-6c83-4330d48d1cb9.htm" />
    <HelpKINode Title="properties" Url="html/0caab85b-5a30-4452-e725-cd55c0be08ba.htm" />
  </HelpKINode>
  <HelpKINode Title="Point.Equals method" Url="html/ef001420-eb4e-4569-fe55-2ccfe93b46bd.htm" />
  <HelpKINode Title="Point.Point constructor" Url="html/66afeb3f-6b69-faff-b1df-00fc1512a359.htm" />
  <HelpKINode Title="Point.X property" Url="html/18468411-9e06-c76e-2523-5c83fbea8a2b.htm" />
  <HelpKINode Title="Point.Y property" Url="html/8b400045-3f08-8389-9cbe-6f6c2cd33874.htm" />
  <HelpKINode Title="PrintMenu method" Url="html/03a58d42-a1cf-8326-2400-c9ce2463aaef.htm" />
  <HelpKINode Title="Program class">
    <HelpKINode Title="Program Class" Url="html/4f53d47e-f79e-5a4c-7604-d68ecf4c4ec4.htm" />
    <HelpKINode Title="about Program class" Url="html/4f53d47e-f79e-5a4c-7604-d68ecf4c4ec4.htm" />
    <HelpKINode Title="constructor" Url="html/d3f562ba-8a12-7c21-da2e-6a9164459d71.htm" />
    <HelpKINode Title="methods" Url="html/232bba75-339c-3e7e-bbab-df06ec35ad35.htm" />
  </HelpKINode>
  <HelpKINode Title="Program.CalculateArea method" Url="html/6c11cccf-4ded-64a2-b0d2-c7765e392068.htm" />
  <HelpKINode Title="Program.Main method" Url="html/30b5db53-a17f-ce25-4f64-e7c2c28117d0.htm" />
  <HelpKINode Title="Program.PrintMenu method" Url="html/03a58d42-a1cf-8326-2400-c9ce2463aaef.htm" />
  <HelpKINode Title="Program.Program constructor" Url="html/d3f562ba-8a12-7c21-da2e-6a9164459d71.htm" />
  <HelpKINode Title="SecondPoint property" Url="html/3b020486-c8f7-df4d-dadd-2daac5d1b3f9.htm" />
  <HelpKINode Title="SecondSide property" Url="html/ccf70850-c2db-830d-0725-2711b8889cf0.htm" />
  <HelpKINode Title="ThirdSide property" Url="html/a2813de6-39d7-d6a8-0e33-4edb55352449.htm" />
  <HelpKINode Title="Tools namespace" Url="html/daf41a2d-7571-08f1-f886-b0961c253e4d.htm" />
  <HelpKINode Title="Tools.Line class" Url="html/80f7390e-f2e1-1d5f-24a2-52e7b195911d.htm" />
  <HelpKINode Title="Tools.Point class" Url="html/0a1a4db5-9db7-ab5a-a514-573c6d9e105c.htm" />
  <HelpKINode Title="Tools.Program class" Url="html/4f53d47e-f79e-5a4c-7604-d68ecf4c4ec4.htm" />
  <HelpKINode Title="Tools.Triangle class" Url="html/ed21cd77-6da6-fabf-33c7-43a57e30082d.htm" />
  <HelpKINode Title="Tools.TriangleExtensions class" Url="html/a9ee4ee1-4714-f33d-845d-a489e7213bba.htm" />
  <HelpKINode Title="Triangle class">
    <HelpKINode Title="Triangle Class" Url="html/ed21cd77-6da6-fabf-33c7-43a57e30082d.htm" />
    <HelpKINode Title="about Triangle class" Url="html/ed21cd77-6da6-fabf-33c7-43a57e30082d.htm" />
    <HelpKINode Title="constructor" Url="html/0f4ff88d-dc70-8acb-5f7f-f9326a816cc9.htm" />
    <HelpKINode Title="methods" Url="html/52d4bddb-2302-670a-f1d6-c57232a022b7.htm" />
    <HelpKINode Title="properties" Url="html/954b8ee7-e195-ab9f-0a23-ecebc0b1f122.htm" />
  </HelpKINode>
  <HelpKINode Title="Triangle.Area property" Url="html/cd815158-7052-d34f-824f-dccb910282a1.htm" />
  <HelpKINode Title="Triangle.CanFormTriangle method" Url="html/e3b8e036-e6e5-c4c0-8724-cd0d6347eb14.htm" />
  <HelpKINode Title="Triangle.FirstSide property" Url="html/bf1b5eca-6e61-3a6f-86c6-640a4be1c064.htm" />
  <HelpKINode Title="Triangle.SecondSide property" Url="html/ccf70850-c2db-830d-0725-2711b8889cf0.htm" />
  <HelpKINode Title="Triangle.ThirdSide property" Url="html/a2813de6-39d7-d6a8-0e33-4edb55352449.htm" />
  <HelpKINode Title="Triangle.Triangle constructor" Url="html/0f4ff88d-dc70-8acb-5f7f-f9326a816cc9.htm" />
  <HelpKINode Title="TriangleExtensions class">
    <HelpKINode Title="TriangleExtensions Class" Url="html/a9ee4ee1-4714-f33d-845d-a489e7213bba.htm" />
    <HelpKINode Title="about TriangleExtensions class" Url="html/a9ee4ee1-4714-f33d-845d-a489e7213bba.htm" />
    <HelpKINode Title="methods" Url="html/7fd24f25-d272-48d9-462a-6cf005d892b6.htm" />
  </HelpKINode>
  <HelpKINode Title="TriangleExtensions.GetSurface method" Url="html/96663413-3d82-7751-89d8-baa8712aba4d.htm" />
  <HelpKINode Title="X property" Url="html/18468411-9e06-c76e-2523-5c83fbea8a2b.htm" />
  <HelpKINode Title="Y property" Url="html/8b400045-3f08-8389-9cbe-6f6c2cd33874.htm" />
</HelpKI>
